<?xml version="1.0" encoding="UTF-8" standalone="yes"?>
<addon id="repository.ballz2k7" name="Ballz2k7 Repo" version="0.0.1" provider-name="Ballz2k7">
	<extension point="xbmc.addon.repository" name="Ballz2k7 Repo">
		<dir>
			<info compressed="false">https://raw.githubusercontent.com/totalrevolution/python-koding/master/zips/addons.xml</info>
			<checksum>https://raw.githubusercontent.com/totalrevolution/python-koding/master/zips/addons.xml.md5</checksum>
			<datadir zip="true">https://raw.githubusercontent.com/totalrevolution/python-koding/master/zips/</datadir>
		</dir>
		<info compressed="false">https://raw.githubusercontent.com/Ballz2k7/repository.ballz2k7/master/zips/addons.xml</info>
		<checksum>https://raw.githubusercontent.com/Ballz2k7/repository.ballz2k7/master/zips/addons.xml.md5</checksum>
		<datadir zip="true">https://raw.githubusercontent.com/Ballz2k7/repository.ballz2k7/master/zips/</datadir>
	</extension>
	<extension point="xbmc.addon.metadata">
		<summary lang="en">Github Repo for Ballz2k7s Addon</summary>
		<description lang="en">Repo</description>
		<genre>movies,tvshows,uk,usa</genre>
	</extension>
</addon>